<?xml version="1.0" encoding="UTF-8"?>
<project-private xmlns="http://www.netbeans.org/ns/project-private/1">
    <editor-bookmarks xmlns="http://www.netbeans.org/ns/editor-bookmarks/2" lastBookmarkId="0"/>
    <open-files xmlns="http://www.netbeans.org/ns/projectui-open-files/2">
        <group>
            <file>file:/E:/BTS-20-21/PPE/ContexteGSB%20-%20v1/Ressources/GSB_Appli_MVC_V0/gsbMVC_V0/controleurs/c_connexion.php</file>
            <file>file:/E:/BTS-20-21/PPE/ContexteGSB%20-%20v1/Ressources/GSB_Appli_MVC_V0/gsbMVC_V0/include/fct.inc.php</file>
            <file>file:/E:/BTS-20-21/PPE/ContexteGSB%20-%20v1/Ressources/GSB_Appli_MVC_V0/gsbMVC_V0/include/class.pdogsb.inc.php</file>
            <file>file:/E:/BTS-20-21/PPE/ContexteGSB%20-%20v1/Ressources/GSB_Appli_MVC_V0/gsbMVC_V0/controleurs/c_gererFrais.php</file>
            <file>file:/E:/BTS-20-21/PPE/ContexteGSB%20-%20v1/Ressources/GSB_Appli_MVC_V0/gsbMVC_V0/index.php</file>
            <file>file:/E:/BTS-20-21/PPE/ContexteGSB%20-%20v1/Ressources/GSB_Appli_MVC_V0/gsbMVC_V0/controleurs/c_etatFrais.php</file>
        </group>
    </open-files>
</project-private>
